UNIQUE CODE (1982),STATE (1982),PARLIAMENTARY CONSTITUENCY CODE (1982),PARLIAMENTARY CONSTITUENCY NAME (1982),UNIQUE CODE (1986),STATE (1986),PARLIAMENTARY CONSTITUENCY CODE (1986),PARLIAMENTARY CONSTITUENCY NAME (1986),PARLIAMENTARY NAME CHANGE,NEW PARLIAMENTARY SEAT,NOTES
P.1,PERLIS,P.1,KANGAR,P. 1,PERLIS,P. 1,KANGAR,,,Boundary has changed
P.2,PERLIS,P.2,ARAU,P. 2,PERLIS,P. 2,ARAU,,,Boundary has changed
P.3,KEDAH,P.3,JERLUN-LANGKAWI,P. 3,KEDAH,P. 3,JERLUN - LANGKAWI,,,Boundary has changed
P.4,KEDAH,P.4,KUBANG PASU,P. 4,KEDAH,P. 4,KUBANG PASU,,,Boundary has changed
P.5,KEDAH,P.5,PADANG TERAP,P. 5,KEDAH,P. 5,PADANG TERAP,,,Boundary has changed
P.6,KEDAH,P.6,KUALA KEDAH,P. 8,KEDAH,P. 8,KUALA KEDAH,,,Boundary has changed
P.7,KEDAH,P.7,ALOR SETAR,P. 7,KEDAH,P. 7,ALOR SETAR,,,Boundary has changed
P.8,KEDAH,P.8,KOTA SETAR,P. 6,KEDAH,P. 6,KOTA SETAR,,,Boundary has changed
P.9,KEDAH,P.9,ULU MUDA,P. 12,KEDAH,P. 12,SIK,YES,,Boundary has changed
P.10,KEDAH,P.10,BALING,P. 13,KEDAH,P. 13,BALING,,,Boundary has changed
P.11,KEDAH,P.11,JERAI,P. 10,KEDAH,P. 10,JERAI,,,Boundary has changed
P.12,KEDAH,P.12,KUALA MUDA,P. 11,KEDAH,P. 11,MERBOK,YES,,Boundary has changed
P.13,KEDAH,P.13,SUNGAI PETANI,P. 14,KEDAH,P. 14,SUNGAI PETANI,,,Boundary has changed
P.14,KEDAH,P.14,PADANG SERAI,P. 15,KEDAH,P. 15,PADANG SERAI,,,Boundary has changed
P.15,KEDAH,P.15,KULIM-BANDAR BAHARU,P. 16,KEDAH,P. 16,KULIM - BANDAR BAHARU,,,Boundary has changed
,,,,P. 9,KEDAH,P. 9,PENDANG,,YES,"Formed from the formerly named constituencies of Ulu Muda, Kota Setar, and Padang Terap"
P.16,KELANTAN,P.16,TUMPAT,P. 17,KELANTAN,P. 17,TUMPAT,,,Boundary has changed
P.17,KELANTAN,P.17,PENGKALAN CHEPA,P. 18,KELANTAN,P. 18,PENGKALAN CHEPA,,,Boundary has changed
P.18,KELANTAN,P.18,PASIR MAS,P. 20,KELANTAN,P. 20,PASIR MAS,,,Boundary has changed
P.19,KELANTAN,P.19,KOTA BAHARU,P. 19,KELANTAN,P. 19,KOTA BAHARU,,,Boundary has changed
P.20,KELANTAN,P.20,BACHOK,P. 23,KELANTAN,P. 23,BACHOK,,,Boundary has changed
P.21,KELANTAN,P.21,RANTAU PANJANG,P. 21,KELANTAN,P. 21,RANTAU PANJANG,,,Boundary has changed
P.22,KELANTAN,P.22,NILAM PURI,P. 22,KELANTAN,P. 22,NILAM PURI,,,Boundary has changed
P.23,KELANTAN,P.23,TANAH MERAH,P. 26,KELANTAN,P. 26,TANAH MERAH,,,Boundary has changed
P.24,KELANTAN,P.24,MACHANG,P. 27,KELANTAN,P. 27,MACHANG,,,Boundary has changed
P.25,KELANTAN,P.25,PASIR PUTEH,P. 24,KELANTAN,P. 24,PASIR PUTEH,,,Boundary has changed
P.26,KELANTAN,P.26,KUALA KERAI,P. 28,KELANTAN,P. 28,KUALA KRAI,YES,,Boundary has changed
P.27,KELANTAN,P.27,ULU KELANTAN,P. 29,KELANTAN,P. 29,GUA MUSANG,,,Boundary has changed
,,,,P. 25,KELANTAN,P. 25,KOK LANAS,,YES,"Formed from the constituencies of Nilam Puri, Pasir Puteh, and Machang"
P.28,TRENGGANU,P.28,BESUT,P. 30,TERENGGANU,P. 30,BESUT,,,Boundary has changed
P.29,TRENGGANU,P.29,ULU NERUS,P. 31,TERENGGANU,P. 31,SETIU,YES,,Boundary has changed
P.30,TRENGGANU,P.30,ULU TRENGGANU,P. 35,TERENGGANU,P. 35,HULU TERENGGANU,YES,,Boundary has changed
P.31,TRENGGANU,P.31,KUALA NERUS,P. 32,TERENGGANU,P. 32,KUALA NERUS,,,Boundary has changed
P.32,TRENGGANU,P.32,KUALA TRENGGANU,P. 33,TERENGGANU,P. 33,KUALA TERENGGANU,YES,,Boundary has changed
P.33,TRENGGANU,P.33,DUNGUN,P. 36,TERENGGANU,P. 36,DUNGUN,,,Boundary has changed
P.34,TRENGGANU,P.34,KEMAMAN,P. 37,TERENGGANU,P. 37,KEMAMAN,,,Boundary has changed
,,,,P. 34,TERENGGANU,P. 34,MARANG,,YES,"Formed from the constituencies of Dungun, (formerly named) Ulu Trengganu, Kuala Nerus and (formerly named) Kuala Trengganu"
P.35,PULAU PINANG,P.35,KEPALA BATAS,P. 38,PULAU PINANG,P. 38,KEPALA BATAS,,,Boundary has changed
P.36,PULAU PINANG,P.36,MATA KUCHING,P. 40,PULAU PINANG,P. 40,BAGAN,YES,,Boundary has changed
P.37,PULAU PINANG,P.37,PERMATANG PAUH,P. 41,PULAU PINANG,P. 41,PERMATANG PAUH,,,Boundary has changed
P.38,PULAU PINANG,P.38,BUKIT MERTAJAM,P. 42,PULAU PINANG,P. 42,BUKIT MERTAJAM,,,Boundary has changed
P.39,PULAU PINANG,P.39,NIBONG TEBAL,P. 43,PULAU PINANG,P. 43,NIBONG TEBAL,,,
P.40,PULAU PINANG,P.40,BALIK PULAU,P. 48,PULAU PINANG,P. 48,BALIK PULAU,,,Boundary has changed
P.41,PULAU PINANG,P.41,BUKIT BENDERA,P. 44,PULAU PINANG,P. 44,BUKIT BENDERA,,,Boundary has changed
P.42,PULAU PINANG,P.42,TANJONG,P. 45,PULAU PINANG,P. 45,TANJONG,,,Boundary has changed
P.43,PULAU PINANG,P.43,JELUTONG,P. 46,PULAU PINANG,P. 46,JELUTONG,,,Boundary has changed
,,,,P. 39,PULAU PINANG,P. 39,TASEK GELUGOR,,YES,"Formed from the constituencies of Kepala Batas, Permatang Pauh and formerly named Mata Kuching"
,,,,P. 47,PULAU PINANG,P. 47,BAYAN BARU,,YES,"Formed from the constituencies of Bukit Bendera, Jelutong and Balik Pulau"
P.44,PERAK,P.44,GERIK,P. 49,PERAK,P. 49,GERIK,,,
P.45,PERAK,P.45,LARUT,P. 50,PERAK,P. 50,LARUT,,,Boundary has changed
P.46,PERAK,P.46,PARIT BUNTAR,P. 51,PERAK,P. 51,PARIT BUNTAR,,,Boundary has changed
P.47,PERAK,P.47,BAGAN SERAI,P. 52,PERAK,P. 52,BAGAN SERAI,,,Boundary has changed
P.48,PERAK,P.48,SUNGAI SIPUT,P. 56,PERAK,P. 56,SUNGAI SIPUT,,,
P.49,PERAK,P.49,TAIPING,P. 54,PERAK,P. 54,TAIPING,,,Boundary has changed
P.50,PERAK,P.50,MATANG,P. 53,PERAK,P. 53,BUKIT GANTANG,YES,,Boundary has changed
P.51,PERAK,P.51,PADANG RENGAS,P. 55,PERAK,P. 55,TASEK CHENDEROH,YES,,Boundary has changed
P.52,PERAK,P.52,KUALA KANGSAR,P. 61,PERAK,P. 61,KUALA KANGSAR,,,Boundary has changed
P.53,PERAK,P.53,KINTA,P. 64,PERAK,P. 64,GOPENG,YES,,Boundary has changed
P.54,PERAK,P.54,IPOH,P. 59,PERAK,P. 59,IPOH,,,Boundary has changed
P.55,PERAK,P.55,MENGLEMBU,P. 60,PERAK,P. 60,BATU GAJAH,YES,,Batu Gajah shifted from south to North
P.56,PERAK,P.56,BERUAS,P. 62,PERAK,P. 62,BERUAS,,,Boundary has changed
P.57,PERAK,P.57,PARIT,P. 63,PERAK,P. 63,PARIT,,,Boundary has changed
P.58,PERAK,P.58,BATU GAJAH,P. 65,PERAK,P. 65,KAMPAR,YES,,Old Batu Gajah moved to North
P.59,PERAK,P.59,BATANG PADANG,P. 66,PERAK,P. 66,TAPAH,YES,,Boundary has changed
P.60,PERAK,P.60,LUMUT,P. 68,PERAK,P. 68,LUMUT,,,Boundary has changed
P.61,PERAK,P.61,HILIR PERAK,P. 67,PERAK,P. 67,PASIR SALAK,YES,,Boundary has changed
P.62,PERAK,P.62,TELOK ANSON,P. 70,PERAK,P. 70,TELOK INTAN,YES,,Boundary has changed
P.63,PERAK,P.63,TANJONG MALIM,P. 71,PERAK,P. 71,TANJONG MALIM,,,Boundary has changed
P.64,PERAK,P.64,BAGAN DATOK,P. 69,PERAK,P. 69,BAGAN DATOK,,,Boundary has changed
,,,,P. 57,PERAK,P. 57,TAMBUN,,YES,Formed from formerly named Kinta
,,,,P. 58,PERAK,P. 58,PASIR PINJI,,YES,Formed from the constituencies of Ipoh and formerly named Menglembu
P.65,PAHANG,P.65,LIPIS,P. 72,PAHANG,P. 72,LIPIS,,,Boundary has changed
P.66,PAHANG,P.66,JERANTUT,P. 74,PAHANG,P. 74,JERANTUT,,,Boundary has changed
P.67,PAHANG,P.67,KUANTAN,P. 75,PAHANG,P. 75,KUANTAN,,,Boundary has changed
P.68,PAHANG,P.68,RAUB,P. 73,PAHANG,P. 73,RAUB,,,Boundary has changed
P.69,PAHANG,P.69,MARAN,P. 77,PAHANG,P. 77,MARAN,,,Boundary has changed
P.70,PAHANG,P.70,BENTONG,P. 79,PAHANG,P. 79,BENTUNG,YES,,Boundary has changed
P.71,PAHANG,P.71,PEKAN,P. 76,PAHANG,P. 76,PEKAN,,,Boundary has changed
P.72,PAHANG,P.72,TEMERLOH,P. 80,PAHANG,P. 80,TEMERLUH,YES,,Boundary has changed
,,,,P. 78,PAHANG,P. 78,MENTEKAB,,YES,"Formed from the constituencies of Jerantut, (formerly named) Temerluh and (formerly named) Bentong"
,,,,P. 81,PAHANG,P. 81,ROMPIN,,YES,Formed from Pekan
P.73,SELANGOR,P.73,SABAK BERNAM,P. 82,SELANGOR,P. 82,SABAK BERNAM,,,
P.74,SELANGOR,P.74,TANJONG KARANG,P. 83,SELANGOR,P. 83,TANJONG KARANG,,,Boundary has changed
P.75,SELANGOR,P.75,ULU SELANGOR,P. 84,SELANGOR,P. 84,HULU SELANGOR,YES,,Boundary has changed
P.76,SELANGOR,P.76,KUALA SELANGOR,P. 85,SELANGOR,P. 85,KUALA SELANGOR,,,Boundary has changed
P.77,SELANGOR,P.77,SELAYANG,P. 87,SELANGOR,P. 87,SELAYANG,,,Boundary has changed
P.78,SELANGOR,P.78,ULU LANGAT,P. 89,SELANGOR,P. 89,HULU LANGAT,YES,,Boundary has changed
P.79,SELANGOR,P.79,PELABOHAN KELANG,P. 93,SELANGOR,P. 93,KLANG,YES,,Boundary has changed
P.80,SELANGOR,P.80,SHAH ALAM,P. 92,SELANGOR,P. 92,SHAH ALAM,,,Boundary has changed
P.81,SELANGOR,P.81,PETALING,P. 91,SELANGOR,P. 91,PUCHONG,YES,,Boundary has changed
P.82,SELANGOR,P.82,KUALA LANGAT,P. 94,SELANGOR,P. 94,KUALA LANGAT,,,Boundary has changed
P.83,SELANGOR,P.83,SEPANG,P. 95,SELANGOR,P. 95,SEPANG,,,
,,,,P. 88,SELANGOR,P. 88,AMPANG JAYA,,YES,Formed from Selayang
,,,,P. 90,SELANGOR,P. 90,PETALING JAYA,,YES,Formed from the constituencies of Shah Alam and formerly named Petaling
,,,,P. 86,SELANGOR,P. 86,KAPAR,,YES,Formed from the constituencies of  Kuala Selangor and formerly named Pelabohan Kelang
P.84,KUALA LUMPUR,P.84,KEPONG,P. 96,WILAYAH PERSEKUTUAN KUALA LUMPUR,P. 96,KEPONG,,,Boundary has changed
P.85,KUALA LUMPUR,P.85,SETAPAK,P. 98,WILAYAH PERSEKUTUAN KUALA LUMPUR,P. 98,TITIWANGSA,YES,,Boundary has changed
P.86,KUALA LUMPUR,P.86,DAMANSARA,P. 100,WILAYAH PERSEKUTUAN KUALA LUMPUR,P. 100,LEMBAH PANTAI,YES,,Boundary has changed
P.87,KUALA LUMPUR,P.87,KUALA LUMPUR BANDAR,P. 99,WILAYAH PERSEKUTUAN KUALA LUMPUR,P. 99,BUKIT BINTANG,YES,,Boundary has changed
P.88,KUALA LUMPUR,P.88,SUNGAI BESI,P. 102,WILAYAH PERSEKUTUAN KUALA LUMPUR,P. 102,SUNGAI BESI,,,Boundary has changed
,,,,P. 97,WILAYAH PERSEKUTUAN KUALA LUMPUR,P. 97,BATU,,YES,Formed from the constituencies of Kepong and formerly named Setapak
,,,,P. 101,WILAYAH PERSEKUTUAN KUALA LUMPUR,P. 101,SEPUTEH,,YES,Formed from the constituencies of Sungai Besi and formerly named Damansara
P.89,NEGERI SEMBILAN,P.89,JELEBU,P. 103,NEGERI SEMBILAN,P. 103,JELEBU,,,Boundary has changed
P.90,NEGERI SEMBILAN,P.90,MANTIN,P. 108,NEGERI SEMBILAN,P. 108,RASAH,YES,,Boundary has changed
P.91,NEGERI SEMBILAN,P.91,SEREMBAN,P. 107,NEGERI SEMBILAN,P. 107,SEREMBAN,,,Boundary has changed
P.92,NEGERI SEMBILAN,P.92,KUALA PILAH,P. 106,NEGERI SEMBILAN,P. 106,KUALA PILAH,,,Boundary has changed
P.93,NEGERI SEMBILAN,P.93,TELOK KEMANG,P. 109,NEGERI SEMBILAN,P. 109,TELOK KEMANG,,,Boundary has changed
P.94,NEGERI SEMBILAN,P.94,TAMPIN,P. 105,NEGERI SEMBILAN,P. 105,TAMPIN,,,Boundary has changed
,,,,P. 104,NEGERI SEMBILAN,P. 104,JEMPOL,YES,,"Formed from the constituencies of Jelebu, Tampin, and Kuala Pilah"
P.95,MELAKA,P.95,ALOR GAJAH,P. 110,MELAKA,P. 110,ALOR GAJAH,,,Boundary has changed
P.96,MELAKA,P.96,JASIN,P. 114,MELAKA,P. 114,JASIN,,,Boundary has changed
P.97,MELAKA,P.97,BATU BERENDAM,P. 112,MELAKA,P. 112,BATU BERENDAM,,,Boundary has changed
P.98,MELAKA,P.98,KOTA MELAKA,P. 113,MELAKA,P. 113,KOTA MELAKA,,,Boundary has changed
,,,,P. 111,MELAKA,P. 111,SELANDAR,,YES,Formed from the constituencies of Alor Gajah and Jasin
P.99,JOHOR,P.99,LABIS,P. 118,JOHOR,P. 118,LABIS,,,Boundary has changed
P.100,JOHOR,P.100,SEGAMAT,P. 115,JOHOR,P. 115,SEGAMAT,,,Boundary has changed
P.101,JOHOR,P.101,KELUANG,P. 120,JOHOR,P. 120,KLUANG,,,Boundary has changed
P.102,JOHOR,P.102,TENGGAROH,P. 119,JOHOR,P. 119,MERSING,YES,,
P.103,JOHOR,P.103,LEDANG,P. 116,JOHOR,P. 116,LEDANG,,,Boundary has changed
P.104,JOHOR,P.104,PAGOH,P. 117,JOHOR,P. 117,PAGOH,,,Boundary has changed
P.105,JOHOR,P.105,AYER HITAM,,,,,,,Constituency was abolished
P.106,JOHOR,P.106,MUAR,P. 123,JOHOR,P. 123,MUAR,,,Boundary has changed
P.107,JOHOR,P.107,RENGGAM,P. 127,JOHOR,P. 127,SENAI,,,Boundary has changed
P.108,JOHOR,P.108,PANTI,P. 128,JOHOR,P. 128,KOTA TINGGI,YES,,Boundary has changed
P.109,JOHOR,P.109,SRI GADING,P. 124,JOHOR,P. 124,SRI GADING,,,Boundary has changed
P.110,JOHOR,P.110,SEMERAH,P. 121,JOHOR,P. 121,PARIT SULONG,YES,,Boundary has changed
P.111,JOHOR,P.111,BATU PAHAT,P. 125,JOHOR,P. 125,BATU PAHAT,,,Boundary has changed
P.112,JOHOR,P.112,PONTIAN,P. 132,JOHOR,P. 132,PONTIAN,,,Boundary has changed
P.113,JOHOR,P.113,PULAI,P. 131,JOHOR,P. 131,PULAI,,,Boundary has changed
P.114,JOHOR,P.114,JOHOR BAHRU,P. 130,JOHOR,P. 130,JOHOR BAHRU,,,Boundary has changed
,,,,P. 122,JOHOR,P. 122,BAKRI,,YES,Formed from constituencies of Muar and formerlu named Semerah
,,,,P. 126,JOHOR,P. 126,SUNGAI BENUT,,YES,"Formed from constituencies of Renggam, Sri Gading, Pontian and abolished Ayer Hitam"
,,,,P. 129,JOHOR,P. 129,TEBRAU,,YES,"Formed from constituencies of Johor Bahru, Pulai, and formerly named Panti"
,,,,P. 133,WILAYAH PERSEKUTUAN LABUAN,P. 133,LABUAN,,YES,Excised from constituency of Hilir Padas (Sabah)
